{
  "IcoMoonType": "selection",
  "icons": [
    {
      "icon": {
        "paths": [
          "M1024 590.444l-512-397.426-512 397.428v-162.038l512-397.426 512 397.428zM896 576v384h-256v-256h-256v256h-256v-384l384-288z"
        ],
        "tags": [
          "home",
          "house"
        ],
        "defaultCode": 59648,
        "grid": 16,
        "attrs": []
      },
      "attrs": [],
      "properties": {
        "ligatures": "home, house",
        "name": "home",
        "order": 3,
        "id": 1,
        "prevSize": 32
      },
      "setIdx": 0,
      "setId": 1,
      "iconIdx": 0
    },
    {
      "icon": {
        "paths": [
          "M576 256l-128-128h-448v832h1024v-704h-448zM512 864l-224-224h160v-256h128v256h160l-224 224z"
        ],
        "tags": [
          "folder-download",
          "directory",
          "folder-save"
        ],
        "defaultCode": 59699,
        "grid": 16,
        "attrs": []
      },
      "attrs": [],
      "properties": {
        "ligatures": "folder-download, directory5",
        "name": "folder-download",
        "order": 4,
        "id": 52,
        "prevSize": 32
      },
      "setIdx": 0,
      "setId": 1,
      "iconIdx": 51
    },
    {
      "icon": {
        "paths": [
          "M704 640c-64 64-64 128-128 128s-128-64-192-128-128-128-128-192 64-64 128-128-128-256-192-256-192 192-192 192c0 128 131.5 387.5 256 512s384 256 512 256c0 0 192-128 192-192s-192-256-256-192z"
        ],
        "tags": [
          "phone",
          "telephone",
          "contact",
          "support",
          "call"
        ],
        "defaultCode": 59714,
        "grid": 16,
        "attrs": []
      },
      "attrs": [],
      "properties": {
        "ligatures": "phone, telephone",
        "name": "phone",
        "order": 10,
        "id": 67,
        "prevSize": 32
      },
      "setIdx": 0,
      "setId": 1,
      "iconIdx": 66
    },
    {
      "icon": {
        "paths": [
          "M736 0h-448c-52.8 0-96 43.2-96 96v832c0 52.8 43.2 96 96 96h448c52.8 0 96-43.2 96-96v-832c0-52.8-43.2-96-96-96zM384 48h256v32h-256v-32zM512 960c-35.346 0-64-28.654-64-64s28.654-64 64-64 64 28.654 64 64-28.654 64-64 64zM768 768h-512v-640h512v640z"
        ],
        "tags": [
          "mobile",
          "cell-phone",
          "handheld"
        ],
        "defaultCode": 59736,
        "grid": 16,
        "attrs": []
      },
      "attrs": [],
      "properties": {
        "ligatures": "mobile, cell-phone",
        "name": "mobile",
        "order": 11,
        "id": 89,
        "prevSize": 32
      },
      "setIdx": 0,
      "setId": 1,
      "iconIdx": 88
    },
    {
      "icon": {
        "width": 1024,
        "paths": [
          "M384 736c0-151.234 95.874-280.486 230.032-330.2 16.28-36.538 25.968-77.164 25.968-117.8 0-159.058 0-288-192-288s-192 128.942-192 288c0 99.060 57.502 198.104 128 237.832v52.78c-217.102 17.748-384 124.42-384 253.388h397.306c-8.664-30.53-13.306-62.732-13.306-96z",
          "M736 448c-159.058 0-288 128.942-288 288s128.942 288 288 288c159.056 0 288-128.942 288-288s-128.942-288-288-288zM896 768h-128v128h-64v-128h-128v-64h128v-128h64v128h128v64z"
        ],
        "tags": [
          "user-plus",
          "user",
          "user-add",
          "profile",
          "avatar",
          "person",
          "member"
        ],
        "defaultCode": 59763,
        "grid": 16,
        "attrs": []
      },
      "attrs": [],
      "properties": {
        "ligatures": "user-plus, user2",
        "name": "user-plus",
        "order": 6,
        "id": 116,
        "prevSize": 32
      },
      "setIdx": 0,
      "setId": 1,
      "iconIdx": 115
    },
    {
      "icon": {
        "paths": [
          "M728.992 512c137.754-87.334 231.008-255.208 231.008-448 0-21.676-1.192-43.034-3.478-64h-889.042c-2.29 20.968-3.48 42.326-3.48 64 0 192.792 93.254 360.666 231.006 448-137.752 87.334-231.006 255.208-231.006 448 0 21.676 1.19 43.034 3.478 64h889.042c2.288-20.966 3.478-42.324 3.478-64 0.002-192.792-93.252-360.666-231.006-448zM160 960c0-186.912 80.162-345.414 224-397.708v-100.586c-143.838-52.29-224-210.792-224-397.706v0h704c0 186.914-80.162 345.416-224 397.706v100.586c143.838 52.294 224 210.796 224 397.708h-704zM619.626 669.594c-71.654-40.644-75.608-93.368-75.626-125.366v-64.228c0-31.994 3.804-84.914 75.744-125.664 38.504-22.364 71.808-56.348 97.048-98.336h-409.582c25.266 42.032 58.612 76.042 97.166 98.406 71.654 40.644 75.606 93.366 75.626 125.366v64.228c0 31.992-3.804 84.914-75.744 125.664-72.622 42.18-126.738 125.684-143.090 226.336h501.67c-16.364-100.708-70.53-184.248-143.212-226.406z"
        ],
        "tags": [
          "hour-glass",
          "loading",
          "busy",
          "wait"
        ],
        "defaultCode": 59769,
        "grid": 16,
        "attrs": []
      },
      "attrs": [],
      "properties": {
        "ligatures": "hour-glass, loading",
        "name": "hour-glass",
        "order": 7,
        "id": 122,
        "prevSize": 32
      },
      "setIdx": 0,
      "setId": 1,
      "iconIdx": 121
    },
    {
      "icon": {
        "paths": [
          "M384 128c0-70.692 57.308-128 128-128s128 57.308 128 128c0 70.692-57.308 128-128 128s-128-57.308-128-128zM655.53 240.47c0-70.692 57.308-128 128-128s128 57.308 128 128c0 70.692-57.308 128-128 128s-128-57.308-128-128zM832 512c0-35.346 28.654-64 64-64s64 28.654 64 64c0 35.346-28.654 64-64 64s-64-28.654-64-64zM719.53 783.53c0-35.346 28.654-64 64-64s64 28.654 64 64c0 35.346-28.654 64-64 64s-64-28.654-64-64zM448.002 896c0 0 0 0 0 0 0-35.346 28.654-64 64-64s64 28.654 64 64c0 0 0 0 0 0 0 35.346-28.654 64-64 64s-64-28.654-64-64zM176.472 783.53c0 0 0 0 0 0 0-35.346 28.654-64 64-64s64 28.654 64 64c0 0 0 0 0 0 0 35.346-28.654 64-64 64s-64-28.654-64-64zM144.472 240.47c0 0 0 0 0 0 0-53.019 42.981-96 96-96s96 42.981 96 96c0 0 0 0 0 0 0 53.019-42.981 96-96 96s-96-42.981-96-96zM56 512c0-39.765 32.235-72 72-72s72 32.235 72 72c0 39.765-32.235 72-72 72s-72-32.235-72-72z"
        ],
        "tags": [
          "spinner",
          "loading",
          "loading-wheel",
          "busy",
          "wait"
        ],
        "defaultCode": 59770,
        "grid": 16,
        "attrs": []
      },
      "attrs": [],
      "properties": {
        "ligatures": "spinner, loading2",
        "name": "spinner",
        "order": 8,
        "id": 123,
        "prevSize": 32
      },
      "setIdx": 0,
      "setId": 1,
      "iconIdx": 122
    },
    {
      "icon": {
        "paths": [
          "M192 1024h640l64-704h-768zM640 128v-128h-256v128h-320v192l64-64h768l64 64v-192h-320zM576 128h-128v-64h128v64z"
        ],
        "tags": [
          "bin",
          "trashcan",
          "remove",
          "delete",
          "recycle",
          "dispose"
        ],
        "defaultCode": 59821,
        "grid": 16,
        "attrs": []
      },
      "attrs": [],
      "properties": {
        "ligatures": "bin2, trashcan2",
        "name": "bin2",
        "order": 5,
        "id": 174,
        "prevSize": 32
      },
      "setIdx": 0,
      "setId": 1,
      "iconIdx": 173
    },
    {
      "icon": {
        "paths": [
          "M512 192c-223.318 0-416.882 130.042-512 320 95.118 189.958 288.682 320 512 320 223.312 0 416.876-130.042 512-320-95.116-189.958-288.688-320-512-320zM764.45 361.704c60.162 38.374 111.142 89.774 149.434 150.296-38.292 60.522-89.274 111.922-149.436 150.296-75.594 48.218-162.89 73.704-252.448 73.704-89.56 0-176.858-25.486-252.452-73.704-60.158-38.372-111.138-89.772-149.432-150.296 38.292-60.524 89.274-111.924 149.434-150.296 3.918-2.5 7.876-4.922 11.86-7.3-9.96 27.328-15.41 56.822-15.41 87.596 0 141.382 114.616 256 256 256 141.382 0 256-114.618 256-256 0-30.774-5.452-60.268-15.408-87.598 3.978 2.378 7.938 4.802 11.858 7.302v0zM512 416c0 53.020-42.98 96-96 96s-96-42.98-96-96 42.98-96 96-96 96 42.982 96 96z"
        ],
        "tags": [
          "eye",
          "views",
          "vision",
          "visit"
        ],
        "defaultCode": 59854,
        "grid": 16,
        "attrs": []
      },
      "attrs": [],
      "properties": {
        "ligatures": "eye, views",
        "name": "eye",
        "order": 12,
        "id": 207,
        "prevSize": 32
      },
      "setIdx": 0,
      "setId": 1,
      "iconIdx": 206
    },
    {
      "icon": {
        "paths": [
          "M0 64h1024v128h-1024zM0 256h1024v128h-1024zM0 448h1024v128h-1024zM0 640h1024v128h-1024zM0 832h1024v128h-1024z"
        ],
        "tags": [
          "paragraph-justify",
          "wysiwyg",
          "justify"
        ],
        "defaultCode": 60026,
        "grid": 16,
        "attrs": []
      },
      "attrs": [],
      "properties": {
        "ligatures": "paragraph-justify, wysiwyg28",
        "name": "paragraph-justify",
        "order": 13,
        "id": 379,
        "prevSize": 32
      },
      "setIdx": 0,
      "setId": 1,
      "iconIdx": 378
    }
  ],
  "height": 1024,
  "preferences": {
    "showGlyphs": true,
    "showQuickUse": true,
    "showQuickUse2": true,
    "showSVGs": true,
    "fontPref": {
      "prefix": "icon-",
      "metadata": {
        "fontFamily": "icomoon"
      },
      "metrics": {
        "emSize": 1024,
        "baseline": 6.25,
        "whitespace": 50
      },
      "embed": false
    },
    "imagePref": {
      "prefix": "icon-",
      "png": true,
      "useClassSelector": true,
      "color": 0,
      "bgColor": 16777215,
      "classSelector": ".icon",
      "name": "icomoon"
    },
    "historySize": 50,
    "showCodes": true,
    "gridSize": 16
  }
}